{
  "a": 0.2143569554,
  "e": 0.3333858268,
  "i": 0.1828346457,
  "o": 0.1970341207,
  "u": 0.0723884514,
  "b": 0.024103782,
  "c": 0.0449441833,
  "d": 0.0687087029,
  "f": 0.0359941195,
  "g": 0.0325530299,
  "h": 0.0984507019,
  "j": 0.0024717685,
  "k": 0.0124719301,
  "l": 0.0650252831,
  "m": 0.0388697717,
  "n": 0.1090324561,
  "p": 0.0311636698,
  "q": 0.0015347582,
  "r": 0.0967220795,
  "s": 0.1022148985,
  "t": 0.1463028482,
  "v": 0.0157999321,
  "w": 0.0381266256,
  "x": 0.0024233025,
  "y": 0.0318906606,
  "z": 0.0011954959
}